created_at,platform,content
2026-06-28 10:14:26,LinkedIn/Instagram,بصفتي خبير تسويق محتوى رقمي متخصص في سوق الشغل والموارد البشرية بالمغرب، إليك 5 منشورات قصيرة وموجهة لمنصات LinkedIn/Instagram بالدارجة المغربية/العربية المبسطة:
2026-06-28 10:14:26,LinkedIn,"المنصة: LinkedIn
المحتوى: واش عارف أن أول حاجز قد يواجه سيرتك الذاتية ماشي هو مدير التوظيف، ولكن هو نظام الفرز التلقائي (ATS)؟ بزاف ديال السير الذاتية كتترفض قبل ما يشوفها أي إنسان! باش تنجح فهاد المرحلة، ركز على:
1.  **الكلمات المفتاحية:** استعمل الكلمات اللي كاينين في وصف الوظيفة بالضبط.
2.  **التنسيق البسيط:** تجنب التصاميم المعقدة، الجداول، أو الصور اللي ما كتخدمش الوظيفة. خلي السيرة الذاتية واضحة ومقروءة.
3.  **العناوين القياسية:** استعمل عناوين بحال ""الخبرة المهنية""، ""التعليم""، ""المهارات"" باش يسهل على النظام يتعرف عليها.
هاد النصائح غتساعدك تجاوز ATS وتوصل سيرتك الذاتية ليدين الموظِّف.
الهاشتاغات: #ATS #CV_Tips #نصائح_التوظيف #سوق_الشغل #المغرب"
2026-06-28 10:14:26,Instagram,"المنصة: Instagram
المحتوى: الرسالة التحفيزية (Lettre de Motivation) ماشي مجرد ورقة إضافية، بل هي فرصتك الذهبية باش تخلي انطباع قوي وتبرز شخصيتك وشغفك بالوظيفة! هي اللي كتمكنك تربط النقط بين مهاراتك وخبراتك واحتياجات الشركة.
**كيفاش تكتبها بفعالية؟**
1.  **خصصها لكل وظيفة:** تجنب النماذج الجاهزة! اذكر اسم الشركة والوظيفة بوضوح.
2.  **ركز على القيمة:** ماشي تعاود اللي كاين في السيرة الذاتية، بل وضح كيفاش غتقدر تساهم في نجاح الشركة.
3.  **بيّن شغفك:** علاش هاد الشركة بالذات؟ شنو عجبك فيها؟
4.  **اختصر وكن واضحا:** رسالة قصيرة ومقنعة أفضل من رسالة طويلة ومملة.
رسالتك التحفيزية هي اللي كتقول للموظِّف ""أنا هو الشخص المناسب لهاد المنصب!""
الهاشتاغات: #رسالة_تحفيزية #LettreDeMotivation #نصائح_مهنية #توظيف #سوق_الشغل_المغربي"
2026-06-28 10:14:26,LinkedIn,"المنصة: LinkedIn
المحتوى: سيرتك الذاتية هي بطاقة تعريفك المهنية الأولى، وحتى الأخطاء البسيطة فيها ممكن تكلفك فرصتك! تجنب هاد الأخطاء الشائعة باش تضمن مرورها:
1.  **الأخطاء الإملائية والنحوية:** راجعها مرارا وتكرارا، واطلب من شخص آخر يراجعها معاك.
2.  **السيرة الذاتية العامة:** كل وظيفة محتاجة سيرة ذاتية مخصصة ليها، ركز على المهارات والخبرات اللي كيهموا المنصب بالضبط.
3.  **الطول المفرط أو القصير جداً:** صفحة أو صفحتين للمبتدئين وذوي الخبرة المتوسطة كافية.
4.  **المعلومات الشخصية غير الضرورية:** العمر، الحالة الاجتماعية، صورة غير احترافية... تجنب أي معلومات ما كتعلقش بالوظيفة.
5.  **تنسيق غير احترافي:** اختار قالب واضح وسهل القراءة.
صقل سيرتك الذاتية هو أول خطوة نحو تحقيق حلمك المهني!
الهاشتاغات: #أخطاء_السيرة_الذاتية #CV_Mistakes #توظيف_المغرب #نصائح_مهنية #البحث_عن_عمل"
2026-06-28 10:14:26,Instagram,"المنصة: Instagram
المحتوى: بزاف ديال الشباب كيحسوا بالإحباط حيت ما عندهمش خبرة كبيرة. ولكن الحقيقة هي أنك ممكن تبرز مهاراتك وقدراتك حتى بدون سنوات طويلة من العمل! إليك بعض الطرق:
1.  **ركز على المهارات القابلة للتحويل (Transferable Skills):** التواصل، حل المشكلات، العمل الجماعي، التنظيم.
2.  **المشاريع الجامعية أو الشخصية:** أي مشروع أنجزتيه، سواء في دراستك أو بمبادرة منك، وريه كيفاش حليتي مشكل أو وصلتي لنتيجة.
3.  **التدريب (Stages) والعمل التطوعي:** حتى لو ما كانش مدفوع الأجر، فهو خبرة قيمة.
4.  **الدورات التكوينية والشهادات:** أي دورة أونلاين أو شهادة حصلتي عليها كتأكد التزامك بالتطور.
5.  **اللغات:** إضافة قوية جداً في سوق الشغل المغربي.
كل تجربة كتكون فرصة لتعلم مهارات جديدة ممكن تفيدك!
الهاشتاغات: #بدون_خبرة #مهارات_الشباب #توظيف_أول #سوق_الشغل_المغربي #فرص_عمل"
2026-06-28 10:14:26,LinkedIn,"المنصة: LinkedIn
المحتوى: البحث عن عمل في المغرب ممكن يكون تحدي، ولكن مع الاستراتيجية الصحيحة، كتقدر تلقى فرصتك! إليك بعض النصائح الفعالة:
1.  **الشبكات المهنية (Networking):** هذا هو مفتاح النجاح في المغرب! تواصل مع المحترفين في مجالك، حضر فعاليات التوظيف والمعارض.
2.  **المنصات الإلكترونية:** استعمل مواقع بحال ReKrute.com، LinkedIn، ANAPEC، وبعض المجموعات المتخصصة على فيسبوك.
3.  **التقديم المباشر:** زور المواقع الإلكترونية للشركات اللي كيهتموك وقدم طلبك مباشرة.
4.  **اللغات:** إتقان الفرنسية والعربية ضروري، والإنجليزية كتعتبر ميزة إضافية كبيرة.
5.  **التحضير للمقابلات:** كن مستعدا للإجابة على الأسئلة الشائعة وقدم أمثلة من تجاربك.
بالصبر والمثابرة، غتلقى الوظيفة اللي كتحلم بيها!
الهاشتاغات: #وظائف_المغرب #البحث_عن_عمل #سوق_الشغل_المغربي #نصائح_التوظيف #ANAPEC"
